 USE [KUMSALKOZMETIK]
GO
/****** Object:  Table [dbo].[MUSTERI]    Script Date: 19/05/2020 12:51:33 PM ******/
SET ANSI_NULLS ON
GO
SET QUOTED_IDENTIFIER ON
GO
CREATE TABLE [dbo].[MUSTERI](
	[MU_ID] [int] IDENTITY(1,1) NOT NULL,
	[MU_AD_SOYAD] [nvarchar](100) NULL,
	[MU_SIRKET] [varchar](100) NULL,
	[MU_KULLANICI_ADI] [varchar](100) NULL,
	[MU_TELEFON] [varchar](100) NULL,
	[MU_ADRES] [varchar](100) NULL,
	[MU_EMAIL] [varchar](100) NULL,
	[MU_SIFRE] [varchar](100) NULL,
 CONSTRAINT [PK_MUSTERI] PRIMARY KEY CLUSTERED 
(
	[MU_ID] ASC
)WITH (PAD_INDEX = OFF, STATISTICS_NORECOMPUTE = OFF, IGNORE_DUP_KEY = OFF, ALLOW_ROW_LOCKS = ON, ALLOW_PAGE_LOCKS = ON) ON [PRIMARY]
) ON [PRIMARY]
GO
/****** Object:  Table [dbo].[SIPARIS]    Script Date: 19/05/2020 12:51:33 PM ******/
SET ANSI_NULLS ON
GO
SET QUOTED_IDENTIFIER ON
GO
CREATE TABLE [dbo].[SIPARIS](
	[SP_ID] [int] IDENTITY(1,1) NOT NULL,
	[SP_MUSTERI] [int] NULL,
	[SP_TOPLAM_URUN] [int] NULL,
	[SP_TOPLAM_TUTAR] [numeric](18, 6) NULL,
	[SP_CREATED] [datetime] NULL,
	[SP_DURUM] [nvarchar](100) NULL,
 CONSTRAINT [PK_SIPARIS] PRIMARY KEY CLUSTERED 
(
	[SP_ID] ASC
)WITH (PAD_INDEX = OFF, STATISTICS_NORECOMPUTE = OFF, IGNORE_DUP_KEY = OFF, ALLOW_ROW_LOCKS = ON, ALLOW_PAGE_LOCKS = ON) ON [PRIMARY]
) ON [PRIMARY]
GO
/****** Object:  View [dbo].[VIEW_SIPARIS]    Script Date: 19/05/2020 12:51:33 PM ******/
SET ANSI_NULLS ON
GO
SET QUOTED_IDENTIFIER ON
GO
CREATE VIEW [dbo].[VIEW_SIPARIS]
as
SELECT s.SP_ID,m.MU_AD_SOYAD,m.MU_SIRKET,s.SP_TOPLAM_URUN,s.SP_TOPLAM_TUTAR,s.SP_CREATED,s.SP_DURUM
  FROM SIPARIS s
  LEFT JOIN MUSTERI m on m.MU_ID = s.SP_MUSTERI
GO
/****** Object:  Table [dbo].[SIPARIS_DETAY]    Script Date: 19/05/2020 12:51:33 PM ******/
SET ANSI_NULLS ON
GO
SET QUOTED_IDENTIFIER ON
GO
CREATE TABLE [dbo].[SIPARIS_DETAY](
	[SPD_ID] [int] IDENTITY(1,1) NOT NULL,
	[SPD_SP_ID] [int] NULL,
	[SPD_URUN_ID] [int] NULL,
	[SPD_URUN_ADET] [int] NULL,
	[SPD_URUN_FIYAT] [decimal](18, 6) NULL,
	[SPD_URUN_TOPLAM] [decimal](18, 6) NULL,
	[SPD_URUN_NOT] [nvarchar](2000) NULL,
 CONSTRAINT [PK_SIPARIS_DETAY] PRIMARY KEY CLUSTERED 
(
	[SPD_ID] ASC
)WITH (PAD_INDEX = OFF, STATISTICS_NORECOMPUTE = OFF, IGNORE_DUP_KEY = OFF, ALLOW_ROW_LOCKS = ON, ALLOW_PAGE_LOCKS = ON) ON [PRIMARY]
) ON [PRIMARY]
GO
/****** Object:  Table [dbo].[URUN]    Script Date: 19/05/2020 12:51:33 PM ******/
SET ANSI_NULLS ON
GO
SET QUOTED_IDENTIFIER ON
GO
CREATE TABLE [dbo].[URUN](
	[UR_ID] [int] IDENTITY(1,1) NOT NULL,
	[UR_AD] [varchar](200) NULL,
	[UR_URUN_DETAY] [varchar](2000) NULL,
	[UR_MARKA] [varchar](100) NULL,
	[UR_KATEGORI] [varchar](100) NULL,
	[UR_GRAMAJ] [varchar](100) NULL,
	[UR_FIYAT] [numeric](18, 2) NULL,
	[UR_INDIRIM] [numeric](18, 2) NULL,
	[UR_YENI] [varchar](5) NULL,
	[UR_STOK] [int] NULL,
	[UR_RESIM_URL] [nvarchar](max) NULL,
	[UR_INDIRIM_YUZDE] [int] NULL,
	[UR_FIYAT_INDIRIMLI] [numeric](18, 2) NULL,
 CONSTRAINT [PK_URUN] PRIMARY KEY CLUSTERED 
(
	[UR_ID] ASC
)WITH (PAD_INDEX = OFF, STATISTICS_NORECOMPUTE = OFF, IGNORE_DUP_KEY = OFF, ALLOW_ROW_LOCKS = ON, ALLOW_PAGE_LOCKS = ON) ON [PRIMARY]
) ON [PRIMARY] TEXTIMAGE_ON [PRIMARY]
GO
/****** Object:  View [dbo].[VIEW_SIPARIS_DETAY]    Script Date: 19/05/2020 12:51:33 PM ******/
SET ANSI_NULLS ON
GO
SET QUOTED_IDENTIFIER ON
GO
CREATE VIEW [dbo].[VIEW_SIPARIS_DETAY]
  as
SELECT sd.SPD_ID,
       sd.SPD_SP_ID,
	   u.UR_AD,
	   sd.SPD_URUN_ADET,
	   sd.SPD_URUN_FIYAT,
	   sd.SPD_URUN_TOPLAM,
	   sd.SPD_URUN_NOT 
  FROM SIPARIS_DETAY sd
  LEFT JOIN URUN u on u.UR_ID = sd.SPD_URUN_ID
GO
/****** Object:  Table [dbo].[KATEGORI]    Script Date: 19/05/2020 12:51:33 PM ******/
SET ANSI_NULLS ON
GO
SET QUOTED_IDENTIFIER ON
GO
CREATE TABLE [dbo].[KATEGORI](
	[KA_ID] [int] IDENTITY(1,1) NOT NULL,
	[UK_ID] [int] NOT NULL,
	[KA_CODE] [nvarchar](100) NULL,
 CONSTRAINT [PK_KATEGORI] PRIMARY KEY CLUSTERED 
(
	[KA_ID] ASC
)WITH (PAD_INDEX = OFF, STATISTICS_NORECOMPUTE = OFF, IGNORE_DUP_KEY = OFF, ALLOW_ROW_LOCKS = ON, ALLOW_PAGE_LOCKS = ON) ON [PRIMARY]
) ON [PRIMARY]
GO
/****** Object:  Table [dbo].[KATEGORI_ALT]    Script Date: 19/05/2020 12:51:33 PM ******/
SET ANSI_NULLS ON
GO
SET QUOTED_IDENTIFIER ON
GO
CREATE TABLE [dbo].[KATEGORI_ALT](
	[AK_ID] [int] IDENTITY(1,1) NOT NULL,
	[KA_ID] [int] NULL,
	[AK_CODE] [nvarchar](150) NULL,
 CONSTRAINT [PK_KATEGORI_ALT] PRIMARY KEY CLUSTERED 
(
	[AK_ID] ASC
)WITH (PAD_INDEX = OFF, STATISTICS_NORECOMPUTE = OFF, IGNORE_DUP_KEY = OFF, ALLOW_ROW_LOCKS = ON, ALLOW_PAGE_LOCKS = ON) ON [PRIMARY]
) ON [PRIMARY]
GO
/****** Object:  Table [dbo].[KATEGORI_UST]    Script Date: 19/05/2020 12:51:34 PM ******/
SET ANSI_NULLS ON
GO
SET QUOTED_IDENTIFIER ON
GO
CREATE TABLE [dbo].[KATEGORI_UST](
	[UK_ID] [int] IDENTITY(1,1) NOT NULL,
	[UK_CODE] [nvarchar](100) NULL,
 CONSTRAINT [PK_KATEGORI_UST] PRIMARY KEY CLUSTERED 
(
	[UK_ID] ASC
)WITH (PAD_INDEX = OFF, STATISTICS_NORECOMPUTE = OFF, IGNORE_DUP_KEY = OFF, ALLOW_ROW_LOCKS = ON, ALLOW_PAGE_LOCKS = ON) ON [PRIMARY]
) ON [PRIMARY]
GO
/****** Object:  Table [dbo].[MARKA]    Script Date: 19/05/2020 12:51:34 PM ******/
SET ANSI_NULLS ON
GO
SET QUOTED_IDENTIFIER ON
GO
CREATE TABLE [dbo].[MARKA](
	[MA_ID] [int] IDENTITY(1,1) NOT NULL,
	[MA_CODE] [varchar](100) NULL,
 CONSTRAINT [PK_MARKA] PRIMARY KEY CLUSTERED 
(
	[MA_ID] ASC
)WITH (PAD_INDEX = OFF, STATISTICS_NORECOMPUTE = OFF, IGNORE_DUP_KEY = OFF, ALLOW_ROW_LOCKS = ON, ALLOW_PAGE_LOCKS = ON) ON [PRIMARY]
) ON [PRIMARY]
GO
/****** Object:  View [dbo].[VIEW_URUN]    Script Date: 19/05/2020 12:51:34 PM ******/
SET ANSI_NULLS ON
GO
SET QUOTED_IDENTIFIER ON
GO

CREATE VIEW [dbo].[VIEW_URUN]
as 
select U.UR_ID,
       U.UR_AD,
	   U.UR_URUN_DETAY,
	   U.UR_MARKA,
	   M.MA_CODE,
	   KU.UK_ID,
	   U.UR_KATEGORI,
	   K.KA_ID,
	   KA.AK_CODE,
	   U.UR_GRAMAJ,
	   U.UR_FIYAT,
	   U.UR_INDIRIM,
	   U.UR_YENI,
	   U.UR_STOK,
	   U.UR_RESIM_URL,
	   U.UR_INDIRIM_YUZDE,
	   U.UR_FIYAT_INDIRIMLI,
	   (SELECT SUM(SPD_URUN_ADET) FROM SIPARIS_DETAY WHERE SPD_URUN_ID = U.UR_ID) AS UR_SATILAN_ADET
	   from urun U 
left join MARKA M on  M.MA_ID =U.UR_MARKA
left join KATEGORI_ALT KA ON KA.AK_ID = U.UR_KATEGORI
LEFT join KATEGORI K ON K.KA_ID = KA.KA_ID 
LEFT join KATEGORI_UST KU ON KU.UK_ID=K.UK_ID
GO
SET IDENTITY_INSERT [dbo].[KATEGORI] ON 
GO
INSERT [dbo].[KATEGORI] ([KA_ID], [UK_ID], [KA_CODE]) VALUES (1, 1, N'TEMÝZLEYÝCÝ')
GO
INSERT [dbo].[KATEGORI] ([KA_ID], [UK_ID], [KA_CODE]) VALUES (2, 1, N'NEMLENDÝRÝCÝ')
GO
INSERT [dbo].[KATEGORI] ([KA_ID], [UK_ID], [KA_CODE]) VALUES (3, 1, N'MASKELER')
GO
INSERT [dbo].[KATEGORI] ([KA_ID], [UK_ID], [KA_CODE]) VALUES (4, 2, N'SAÇ ÞAMPUANI')
GO
INSERT [dbo].[KATEGORI] ([KA_ID], [UK_ID], [KA_CODE]) VALUES (5, 2, N'SAÇ KREMÝ')
GO
INSERT [dbo].[KATEGORI] ([KA_ID], [UK_ID], [KA_CODE]) VALUES (6, 2, N'SAÇ BOYASI')
GO
INSERT [dbo].[KATEGORI] ([KA_ID], [UK_ID], [KA_CODE]) VALUES (7, 3, N'GÖZ')
GO
INSERT [dbo].[KATEGORI] ([KA_ID], [UK_ID], [KA_CODE]) VALUES (8, 3, N'YÜZ')
GO
INSERT [dbo].[KATEGORI] ([KA_ID], [UK_ID], [KA_CODE]) VALUES (9, 3, N'DUDAK')
GO
INSERT [dbo].[KATEGORI] ([KA_ID], [UK_ID], [KA_CODE]) VALUES (10, 3, N'KIRNAK')
GO
SET IDENTITY_INSERT [dbo].[KATEGORI] OFF
GO
SET IDENTITY_INSERT [dbo].[KATEGORI_ALT] ON 
GO
INSERT [dbo].[KATEGORI_ALT] ([AK_ID], [KA_ID], [AK_CODE]) VALUES (1, 1, N'YÜZ TEMÝZLEYÝCÝ')
GO
INSERT [dbo].[KATEGORI_ALT] ([AK_ID], [KA_ID], [AK_CODE]) VALUES (2, 1, N'MAKYAJ TEMÝZLEYÝCÝ')
GO
INSERT [dbo].[KATEGORI_ALT] ([AK_ID], [KA_ID], [AK_CODE]) VALUES (3, 1, N'SÝYAH NOKTA TEMÝZLEYCÝ')
GO
INSERT [dbo].[KATEGORI_ALT] ([AK_ID], [KA_ID], [AK_CODE]) VALUES (4, 2, N'GÜNDÜZ NEMLENDÝRÝCÝSÝ')
GO
INSERT [dbo].[KATEGORI_ALT] ([AK_ID], [KA_ID], [AK_CODE]) VALUES (5, 2, N'GECE NEMLENDÝRÝCÝSÝ')
GO
INSERT [dbo].[KATEGORI_ALT] ([AK_ID], [KA_ID], [AK_CODE]) VALUES (6, 3, N'MASKE')
GO
INSERT [dbo].[KATEGORI_ALT] ([AK_ID], [KA_ID], [AK_CODE]) VALUES (7, 4, N'NORMAL SAÇ ÞAMPUANLAR')
GO
INSERT [dbo].[KATEGORI_ALT] ([AK_ID], [KA_ID], [AK_CODE]) VALUES (8, 4, N'KURU SAÇ ÞAMPUANLARI')
GO
INSERT [dbo].[KATEGORI_ALT] ([AK_ID], [KA_ID], [AK_CODE]) VALUES (9, 4, N'ÖZEL SAÇ ÞAMPUANLARI')
GO
INSERT [dbo].[KATEGORI_ALT] ([AK_ID], [KA_ID], [AK_CODE]) VALUES (12, 6, N'TÜP BOYA')
GO
SET IDENTITY_INSERT [dbo].[KATEGORI_ALT] OFF
GO
SET IDENTITY_INSERT [dbo].[KATEGORI_UST] ON 
GO
INSERT [dbo].[KATEGORI_UST] ([UK_ID], [UK_CODE]) VALUES (1, N'Cilt')
GO
INSERT [dbo].[KATEGORI_UST] ([UK_ID], [UK_CODE]) VALUES (2, N'Saç')
GO
INSERT [dbo].[KATEGORI_UST] ([UK_ID], [UK_CODE]) VALUES (3, N'Makyaj')
GO
SET IDENTITY_INSERT [dbo].[KATEGORI_UST] OFF
GO
SET IDENTITY_INSERT [dbo].[MARKA] ON 
GO
INSERT [dbo].[MARKA] ([MA_ID], [MA_CODE]) VALUES (20, N'INOA')
GO
INSERT [dbo].[MARKA] ([MA_ID], [MA_CODE]) VALUES (21, N'ALIX')
GO
INSERT [dbo].[MARKA] ([MA_ID], [MA_CODE]) VALUES (22, N'INDOLA')
GO
INSERT [dbo].[MARKA] ([MA_ID], [MA_CODE]) VALUES (23, N'IGORA')
GO
INSERT [dbo].[MARKA] ([MA_ID], [MA_CODE]) VALUES (24, N'MAJIREL')
GO
INSERT [dbo].[MARKA] ([MA_ID], [MA_CODE]) VALUES (25, N'MATRIX')
GO
INSERT [dbo].[MARKA] ([MA_ID], [MA_CODE]) VALUES (26, N'IGORA')
GO
INSERT [dbo].[MARKA] ([MA_ID], [MA_CODE]) VALUES (27, N'KOLESTON')
GO
INSERT [dbo].[MARKA] ([MA_ID], [MA_CODE]) VALUES (28, N'RALISS')
GO
INSERT [dbo].[MARKA] ([MA_ID], [MA_CODE]) VALUES (29, N'LOREAL')
GO
INSERT [dbo].[MARKA] ([MA_ID], [MA_CODE]) VALUES (30, N'VELLA')
GO
INSERT [dbo].[MARKA] ([MA_ID], [MA_CODE]) VALUES (31, N'PERÇEM')
GO
INSERT [dbo].[MARKA] ([MA_ID], [MA_CODE]) VALUES (32, N'REDIST')
GO
INSERT [dbo].[MARKA] ([MA_ID], [MA_CODE]) VALUES (33, N'MORFOSE')
GO
INSERT [dbo].[MARKA] ([MA_ID], [MA_CODE]) VALUES (34, N'TRINA')
GO
INSERT [dbo].[MARKA] ([MA_ID], [MA_CODE]) VALUES (35, N'HECTOR')
GO
INSERT [dbo].[MARKA] ([MA_ID], [MA_CODE]) VALUES (36, N'LILAFIX')
GO
INSERT [dbo].[MARKA] ([MA_ID], [MA_CODE]) VALUES (37, N'ORGANIC')
GO
SET IDENTITY_INSERT [dbo].[MARKA] OFF
GO
SET IDENTITY_INSERT [dbo].[MUSTERI] ON 
GO
INSERT [dbo].[MUSTERI] ([MU_ID], [MU_AD_SOYAD], [MU_SIRKET], [MU_KULLANICI_ADI], [MU_TELEFON], [MU_ADRES], [MU_EMAIL], [MU_SIFRE]) VALUES (6, N'gökhan akkaya', N'zirve kuaför', N'gokhanakkaya31984', N'5062066885', N'pasa mah.17.sokak no:70 akhisar/manisa', N'gokhanakkaya31984@gmail.com', N'00001984')
GO
INSERT [dbo].[MUSTERI] ([MU_ID], [MU_AD_SOYAD], [MU_SIRKET], [MU_KULLANICI_ADI], [MU_TELEFON], [MU_ADRES], [MU_EMAIL], [MU_SIFRE]) VALUES (7, N'Vildan Balverdi', N'imperial imports and exports', N'vildan', N'', N'kanada', N'vildan.balverdi@gmail.com', N'canada')
GO
INSERT [dbo].[MUSTERI] ([MU_ID], [MU_AD_SOYAD], [MU_SIRKET], [MU_KULLANICI_ADI], [MU_TELEFON], [MU_ADRES], [MU_EMAIL], [MU_SIFRE]) VALUES (8, N'FUNDA OCAK', N'', N'fundaocak', N'05330240236', N'Kurtulus mah.64014 sk.özferay apt.Kat:1 Daire:1 Adana/Seyhan', N'funda_ock@hotmail.com', N'funda0000')
GO
INSERT [dbo].[MUSTERI] ([MU_ID], [MU_AD_SOYAD], [MU_SIRKET], [MU_KULLANICI_ADI], [MU_TELEFON], [MU_ADRES], [MU_EMAIL], [MU_SIFRE]) VALUES (9, N'ozan', N'ozan ltd sti', N'ozanakan', N'555594', N'1828/6', N'ozaazn@gmamil', N'123')
GO
INSERT [dbo].[MUSTERI] ([MU_ID], [MU_AD_SOYAD], [MU_SIRKET], [MU_KULLANICI_ADI], [MU_TELEFON], [MU_ADRES], [MU_EMAIL], [MU_SIFRE]) VALUES (17, N'ozan akan', N'', N'ozanakan', N'555594', N'1828/6', N'ozaazn@gmamil', N'123')
GO
SET IDENTITY_INSERT [dbo].[MUSTERI] OFF
GO
SET IDENTITY_INSERT [dbo].[SIPARIS] ON 
GO
INSERT [dbo].[SIPARIS] ([SP_ID], [SP_MUSTERI], [SP_TOPLAM_URUN], [SP_TOPLAM_TUTAR], [SP_CREATED], [SP_DURUM]) VALUES (1, 9, 7, CAST(35.000000 AS Numeric(18, 6)), CAST(N'2020-05-16T19:00:02.000' AS DateTime), N'1')
GO
INSERT [dbo].[SIPARIS] ([SP_ID], [SP_MUSTERI], [SP_TOPLAM_URUN], [SP_TOPLAM_TUTAR], [SP_CREATED], [SP_DURUM]) VALUES (3, NULL, NULL, NULL, NULL, NULL)
GO
SET IDENTITY_INSERT [dbo].[SIPARIS] OFF
GO
SET IDENTITY_INSERT [dbo].[SIPARIS_DETAY] ON 
GO
INSERT [dbo].[SIPARIS_DETAY] ([SPD_ID], [SPD_SP_ID], [SPD_URUN_ID], [SPD_URUN_ADET], [SPD_URUN_FIYAT], [SPD_URUN_TOPLAM], [SPD_URUN_NOT]) VALUES (1, 1, 39, 2, CAST(5.000000 AS Decimal(18, 6)), CAST(10.000000 AS Decimal(18, 6)), NULL)
GO
INSERT [dbo].[SIPARIS_DETAY] ([SPD_ID], [SPD_SP_ID], [SPD_URUN_ID], [SPD_URUN_ADET], [SPD_URUN_FIYAT], [SPD_URUN_TOPLAM], [SPD_URUN_NOT]) VALUES (2, 1, 40, 2, CAST(5.000000 AS Decimal(18, 6)), CAST(10.000000 AS Decimal(18, 6)), NULL)
GO
INSERT [dbo].[SIPARIS_DETAY] ([SPD_ID], [SPD_SP_ID], [SPD_URUN_ID], [SPD_URUN_ADET], [SPD_URUN_FIYAT], [SPD_URUN_TOPLAM], [SPD_URUN_NOT]) VALUES (3, 1, 41, 2, CAST(5.000000 AS Decimal(18, 6)), CAST(10.000000 AS Decimal(18, 6)), NULL)
GO
INSERT [dbo].[SIPARIS_DETAY] ([SPD_ID], [SPD_SP_ID], [SPD_URUN_ID], [SPD_URUN_ADET], [SPD_URUN_FIYAT], [SPD_URUN_TOPLAM], [SPD_URUN_NOT]) VALUES (4, 1, 42, 1, CAST(5.000000 AS Decimal(18, 6)), CAST(5.000000 AS Decimal(18, 6)), NULL)
GO
INSERT [dbo].[SIPARIS_DETAY] ([SPD_ID], [SPD_SP_ID], [SPD_URUN_ID], [SPD_URUN_ADET], [SPD_URUN_FIYAT], [SPD_URUN_TOPLAM], [SPD_URUN_NOT]) VALUES (5, 2, 41, 2, CAST(5.000000 AS Decimal(18, 6)), CAST(10.000000 AS Decimal(18, 6)), NULL)
GO
SET IDENTITY_INSERT [dbo].[SIPARIS_DETAY] OFF
GO
SET IDENTITY_INSERT [dbo].[URUN] ON 
GO
INSERT [dbo].[URUN] ([UR_ID], [UR_AD], [UR_URUN_DETAY], [UR_MARKA], [UR_KATEGORI], [UR_GRAMAJ], [UR_FIYAT], [UR_INDIRIM], [UR_YENI], [UR_STOK], [UR_RESIM_URL], [UR_INDIRIM_YUZDE], [UR_FIYAT_INDIRIMLI]) VALUES (1229, N'L''oreal Professionnel Absolut Repair Yipranmis Saçlar Için Onarici Gold Maske 500 ml.', NULL, N'29', N'6', N'', CAST(140.00 AS Numeric(18, 2)), CAST(1.00 AS Numeric(18, 2)), N'-', NULL, N'Loreal_Seriexpert_Absolut500ml.jpg', 20, CAST(112.00 AS Numeric(18, 2)))
GO
INSERT [dbo].[URUN] ([UR_ID], [UR_AD], [UR_URUN_DETAY], [UR_MARKA], [UR_KATEGORI], [UR_GRAMAJ], [UR_FIYAT], [UR_INDIRIM], [UR_YENI], [UR_STOK], [UR_RESIM_URL], [UR_INDIRIM_YUZDE], [UR_FIYAT_INDIRIMLI]) VALUES (1230, N'Loreal Professionnel Serie Expert Vitamino Color Masque 250ml', NULL, N'29', N'3', N'250', CAST(140.00 AS Numeric(18, 2)), CAST(1.00 AS Numeric(18, 2)), N'-', NULL, N'Loreal_Seriexpert_VitaminColor500ml.jpg', 50, CAST(70.00 AS Numeric(18, 2)))
GO
INSERT [dbo].[URUN] ([UR_ID], [UR_AD], [UR_URUN_DETAY], [UR_MARKA], [UR_KATEGORI], [UR_GRAMAJ], [UR_FIYAT], [UR_INDIRIM], [UR_YENI], [UR_STOK], [UR_RESIM_URL], [UR_INDIRIM_YUZDE], [UR_FIYAT_INDIRIMLI]) VALUES (1231, N'Loreal Professionnel Serie Expert Pure Resource Shampoo 300ml', NULL, N'29', N'4', N'300', CAST(85.00 AS Numeric(18, 2)), CAST(1.00 AS Numeric(18, 2)), N'-', NULL, N'Loreal_Seriexpert_Silver500ml.jpg', NULL, NULL)
GO
INSERT [dbo].[URUN] ([UR_ID], [UR_AD], [UR_URUN_DETAY], [UR_MARKA], [UR_KATEGORI], [UR_GRAMAJ], [UR_FIYAT], [UR_INDIRIM], [UR_YENI], [UR_STOK], [UR_RESIM_URL], [UR_INDIRIM_YUZDE], [UR_FIYAT_INDIRIMLI]) VALUES (1232, N'L''Oréal Professionnel Série Expert Curl Contour Shampoo 300ml', NULL, N'29', N'4', N'300', CAST(90.00 AS Numeric(18, 2)), CAST(1.00 AS Numeric(18, 2)), N'-', NULL, N'Loreal_Seriexpert_CurlContour500ml.jpg', NULL, NULL)
GO
INSERT [dbo].[URUN] ([UR_ID], [UR_AD], [UR_URUN_DETAY], [UR_MARKA], [UR_KATEGORI], [UR_GRAMAJ], [UR_FIYAT], [UR_INDIRIM], [UR_YENI], [UR_STOK], [UR_RESIM_URL], [UR_INDIRIM_YUZDE], [UR_FIYAT_INDIRIMLI]) VALUES (1233, N'INOA Saç Boyasi 6.0 Koyu Kumral Yogun 60Ml', NULL, N'29', N'12', N'60', CAST(40.00 AS Numeric(18, 2)), CAST(1.00 AS Numeric(18, 2)), N'-', NULL, N'inoa_6.0_boya.jpg', NULL, NULL)
GO
INSERT [dbo].[URUN] ([UR_ID], [UR_AD], [UR_URUN_DETAY], [UR_MARKA], [UR_KATEGORI], [UR_GRAMAJ], [UR_FIYAT], [UR_INDIRIM], [UR_YENI], [UR_STOK], [UR_RESIM_URL], [UR_INDIRIM_YUZDE], [UR_FIYAT_INDIRIMLI]) VALUES (1234, N'INOA Saç Boyasi 4.0 Kahve Yogun 60Ml', NULL, N'29', N'12', N'60', CAST(40.00 AS Numeric(18, 2)), NULL, N'-', NULL, N'inoa_4.0_boya.jpg', NULL, NULL)
GO
INSERT [dbo].[URUN] ([UR_ID], [UR_AD], [UR_URUN_DETAY], [UR_MARKA], [UR_KATEGORI], [UR_GRAMAJ], [UR_FIYAT], [UR_INDIRIM], [UR_YENI], [UR_STOK], [UR_RESIM_URL], [UR_INDIRIM_YUZDE], [UR_FIYAT_INDIRIMLI]) VALUES (1235, N'IGORA Royal Absolutes Saç Boyasi 10.0 60Ml', NULL, N'23', N'12', N'60', CAST(30.00 AS Numeric(18, 2)), NULL, N'-', NULL, N'igora_10.0_boya.jpg', NULL, NULL)
GO
INSERT [dbo].[URUN] ([UR_ID], [UR_AD], [UR_URUN_DETAY], [UR_MARKA], [UR_KATEGORI], [UR_GRAMAJ], [UR_FIYAT], [UR_INDIRIM], [UR_YENI], [UR_STOK], [UR_RESIM_URL], [UR_INDIRIM_YUZDE], [UR_FIYAT_INDIRIMLI]) VALUES (1236, N'IGORA Royal Absolutes Saç Boyasi 9.00 Yogun Sari 60Ml', NULL, N'23', N'12', N'60', CAST(35.00 AS Numeric(18, 2)), NULL, N'-', NULL, N'igora_9.0_boya.jpg', NULL, NULL)
GO
INSERT [dbo].[URUN] ([UR_ID], [UR_AD], [UR_URUN_DETAY], [UR_MARKA], [UR_KATEGORI], [UR_GRAMAJ], [UR_FIYAT], [UR_INDIRIM], [UR_YENI], [UR_STOK], [UR_RESIM_URL], [UR_INDIRIM_YUZDE], [UR_FIYAT_INDIRIMLI]) VALUES (1237, N'IGORA ROYAL Absolutes Saç Boyasi Silver White 60Ml', NULL, N'23', N'12', N'60', CAST(100.00 AS Numeric(18, 2)), NULL, N'-', NULL, N'igora_silver_boya.jpg', 20, CAST(80.00 AS Numeric(18, 2)))
GO
INSERT [dbo].[URUN] ([UR_ID], [UR_AD], [UR_URUN_DETAY], [UR_MARKA], [UR_KATEGORI], [UR_GRAMAJ], [UR_FIYAT], [UR_INDIRIM], [UR_YENI], [UR_STOK], [UR_RESIM_URL], [UR_INDIRIM_YUZDE], [UR_FIYAT_INDIRIMLI]) VALUES (1238, N'VITAL Saç Boyasi 10.0 Platin Sari 60Ml', NULL, N'38', N'12', N'60', CAST(100.00 AS Numeric(18, 2)), NULL, N'-', NULL, N'Vital_boya_10.0.jpg', NULL, NULL)
GO
INSERT [dbo].[URUN] ([UR_ID], [UR_AD], [UR_URUN_DETAY], [UR_MARKA], [UR_KATEGORI], [UR_GRAMAJ], [UR_FIYAT], [UR_INDIRIM], [UR_YENI], [UR_STOK], [UR_RESIM_URL], [UR_INDIRIM_YUZDE], [UR_FIYAT_INDIRIMLI]) VALUES (1239, N'VITAL Saç Boyasi 8.77 Tarçin Bakir 60Ml', NULL, N'100', N'12', N'60', CAST(9.50 AS Numeric(18, 2)), NULL, N'-', NULL, N'Vital_boya_8.77.jpg', NULL, NULL)
GO
INSERT [dbo].[URUN] ([UR_ID], [UR_AD], [UR_URUN_DETAY], [UR_MARKA], [UR_KATEGORI], [UR_GRAMAJ], [UR_FIYAT], [UR_INDIRIM], [UR_YENI], [UR_STOK], [UR_RESIM_URL], [UR_INDIRIM_YUZDE], [UR_FIYAT_INDIRIMLI]) VALUES (1240, N'DAVINES Nourishing Vegetarian Miracle Yipranmis Kuru Saç Kremi 1000Ml', NULL, N'39', N'5', N'1000', CAST(347.00 AS Numeric(18, 2)), NULL, N'-', NULL, N'Davines-sac-kremi-1000.jpg', NULL, NULL)
GO
SET IDENTITY_INSERT [dbo].[URUN] OFF
GO
USE [master]
GO
ALTER DATABASE [KUMSALKOZMETIK] SET  READ_WRITE 
GO
